{"100%":["locks finos: 7722.0","optimista: 4212.0","sin locks: 3901.0"],"0%":["locks finos: 11.0","optimista: 11.0","sin locks: 2.0"],"10%":["locks finos: 2402.0","optimista: 245.0","sin locks: 326.0"],"20%":["locks finos: 3085.0","optimista: 555.0","sin locks: 715.0"],"30%":["locks finos: 3620.0","optimista: 932.0","sin locks: 1197.0"],"40%":["locks finos: 4233.0","optimista: 1418.0","sin locks: 1701.0"],"50%":["locks finos: 4791.0","optimista: 2006.0","sin locks: 2208.0"],"60%":["locks finos: 5415.0","optimista: 2710.0","sin locks: 2726.0"],"70%":["locks finos: 6027.0","optimista: 3469.0","sin locks: 3212.0"],"80%":["locks finos: 6708.0","optimista: 4266.0","sin locks: 3725.0"],"90%":["locks finos: 7353.0","optimista: 5040.0","sin locks: 4136.0"]}