{"100%":["locks finos: 1314.0","optimista: 716.0","sin locks: 659.0"],"0%":["locks finos: 2.0","optimista: 1.0","sin locks: 1.0"],"10%":["locks finos: 292.0","optimista: 69.0","sin locks: 178.0"],"20%":["locks finos: 388.0","optimista: 165.0","sin locks: 383.0"],"30%":["locks finos: 509.0","optimista: 260.0","sin locks: 527.0"],"40%":["locks finos: 630.0","optimista: 338.0","sin locks: 615.0"],"50%":["locks finos: 744.0","optimista: 412.0","sin locks: 706.0"],"60%":["locks finos: 864.0","optimista: 466.0","sin locks: 743.0"],"70%":["locks finos: 1089.0","optimista: 531.0","sin locks: 772.0"],"80%":["locks finos: 1137.0","optimista: 587.0","sin locks: 834.0"],"90%":["locks finos: 1208.0","optimista: 641.0","sin locks: 896.0"]}