{"100%":["locks finos: 318.0","optimista: 64.0","sin locks: 92.0"],"0%":["locks finos: 589.0","optimista: 150.0","sin locks: 141.0"],"10%":["locks finos: 550.0","optimista: 129.0","sin locks: 192.0"],"20%":["locks finos: 462.0","optimista: 117.0","sin locks: 206.0"],"30%":["locks finos: 437.0","optimista: 107.0","sin locks: 199.0"],"40%":["locks finos: 414.0","optimista: 96.0","sin locks: 179.0"],"50%":["locks finos: 391.0","optimista: 84.0","sin locks: 170.0"],"60%":["locks finos: 369.0","optimista: 76.0","sin locks: 142.0"],"70%":["locks finos: 368.0","optimista: 70.0","sin locks: 125.0"],"80%":["locks finos: 355.0","optimista: 65.0","sin locks: 111.0"],"90%":["locks finos: 342.0","optimista: 64.0","sin locks: 103.0"]}