{"1":["locks finos: 7.0","optimista: 3.0","sin locks: 3.0"],"2":["locks finos: 19.0","optimista: 9.0","sin locks: 9.0"],"3":["locks finos: 33.0","optimista: 14.0","sin locks: 14.0"],"4":["locks finos: 45.0","optimista: 19.0","sin locks: 19.0"],"5":["locks finos: 62.0","optimista: 24.0","sin locks: 23.0"],"6":["locks finos: 84.0","optimista: 29.0","sin locks: 27.0"],"7":["locks finos: 100.0","optimista: 34.0","sin locks: 32.0"],"8":["locks finos: 119.0","optimista: 39.0","sin locks: 36.0"],"9":["locks finos: 146.0","optimista: 53.0","sin locks: 53.0"],"10":["locks finos: 174.0","optimista: 67.0","sin locks: 69.0"]}