{"1":["locks finos: 634.0","optimista: 333.0","sin locks: 350.0"],"2":["locks finos: 406.0","optimista: 204.0","sin locks: 199.0"],"3":["locks finos: 291.0","optimista: 145.0","sin locks: 135.0"],"4":["locks finos: 234.0","optimista: 113.0","sin locks: 104.0"],"5":["locks finos: 207.0","optimista: 95.0","sin locks: 89.0"],"6":["locks finos: 193.0","optimista: 82.0","sin locks: 73.0"],"7":["locks finos: 188.0","optimista: 70.0","sin locks: 66.0"],"8":["locks finos: 181.0","optimista: 64.0","sin locks: 63.0"],"9":["locks finos: 172.0","optimista: 67.0","sin locks: 80.0"],"10":["locks finos: 169.0","optimista: 68.0","sin locks: 73.0"]}